Booking_ID,no_of_adults,no_of_children,no_of_weekend_nights,no_of_week_nights,type_of_meal_plan,room_type_reserved,lead_time,arrival_date,market_segment_type,avg_price_per_room,booking_status,Year 
INN00001,2,0,1,2,Meal Plan 1,Room_Type 1,224,2017-10-02,Offline,65,Not_Canceled,2017
INN00002,2,0,2,3,Not Selected,Room_Type 1,5,2018-11-06,Online,106.68,Not_Canceled,2018
INN00003,1,0,2,1,Meal Plan 1,Room_Type 1,1,2018-02-28,Online,60,Canceled,2018
INN00004,2,0,0,2,Meal Plan 1,Room_Type 1,211,2018-05-20,Online,100,Canceled,2018
INN00005,2,0,1,1,Not Selected,Room_Type 1,48,2018-04-11,Online,94.5,Canceled,2018
INN00006,2,0,0,2,Meal Plan 2,Room_Type 1,346,2018-09-13,Online,115,Canceled,2018
INN00007,2,0,1,3,Meal Plan 1,Room_Type 1,34,2017-10-15,Online,107.55,Not_Canceled,2017
INN00008,2,0,1,3,Meal Plan 1,Room_Type 4,83,2018-12-26,Online,105.61,Not_Canceled,2018
INN00009,3,0,0,4,Meal Plan 1,Room_Type 1,121,2018-07-06,Offline,96.9,Not_Canceled,2018
INN00010,2,0,0,5,Meal Plan 1,Room_Type 4,44,2018-10-18,Online,133.44,Not_Canceled,2018
INN00011,1,0,1,0,Not Selected,Room_Type 1,0,2018-09-11,Online,85.03,Not_Canceled,2018
INN00012,1,0,2,1,Meal Plan 1,Room_Type 4,35,2018-04-30,Online,140.4,Not_Canceled,2018
INN00013,2,0,2,1,Not Selected,Room_Type 1,30,2018-11-26,Online,88,Canceled,2018
INN00014,1,0,2,0,Meal Plan 1,Room_Type 1,95,2018-11-20,Online,90,Canceled,2018
INN00015,2,0,0,2,Meal Plan 1,Room_Type 1,47,2017-10-20,Online,94.5,Not_Canceled,2017
INN00016,2,0,0,2,Meal Plan 2,Room_Type 1,256,2018-06-15,Online,115,Canceled,2018
INN00017,1,0,1,0,Meal Plan 1,Room_Type 1,0,2017-10-05,Offline,96,Not_Canceled,2017
INN00018,2,0,1,3,Not Selected,Room_Type 1,1,2017-08-10,Online,96,Not_Canceled,2017
INN00019,2,0,2,2,Meal Plan 1,Room_Type 1,99,2017-10-30,Online,65,Canceled,2017
INN00020,2,0,1,0,Meal Plan 1,Room_Type 1,12,2017-10-04,Offline,72,Not_Canceled,2017
INN00021,2,0,2,2,Meal Plan 1,Room_Type 1,99,2017-10-30,Online,65,Canceled,2017
INN00022,1,0,0,1,Meal Plan 1,Room_Type 1,122,2018-11-25,Corporate,67,Not_Canceled,2018
INN00023,2,0,2,4,Meal Plan 1,Room_Type 1,2,2018-03-20,Offline,85,Not_Canceled,2018
INN00024,2,0,0,3,Meal Plan 1,Room_Type 1,37,2018-10-13,Offline,105,Not_Canceled,2018
INN00025,2,0,2,1,Not Selected,Room_Type 1,130,2018-05-22,Online,94.5,Not_Canceled,2018
INN00026,2,0,0,2,Meal Plan 1,Room_Type 1,99,2018-04-28,Online,114.3,Not_Canceled,2018
INN00027,2,0,1,1,Meal Plan 1,Room_Type 1,60,2017-09-21,Offline,65,Not_Canceled,2017
INN00028,1,0,0,2,Meal Plan 1,Room_Type 4,2,2018-05-19,Aviation,110,Canceled,2018
INN00029,1,0,1,2,Meal Plan 1,Room_Type 1,37,2017-11-06,Online,37.33,Canceled,2017
INN00030,2,0,0,2,Meal Plan 2,Room_Type 1,56,2017-09-17,Offline,82,Not_Canceled,2017
INN00031,2,0,1,1,Meal Plan 1,Room_Type 4,3,2017-09-19,Online,177.5,Not_Canceled,2017
INN00032,2,0,2,2,Meal Plan 1,Room_Type 1,107,2018-11-13,Online,87.5,Not_Canceled,2018
INN00033,0,2,0,3,Meal Plan 1,Room_Type 2,56,2018-12-07,Online,82.44,Not_Canceled,2018
INN00034,2,0,0,1,Not Selected,Room_Type 1,2,2018-01-09,Online,69.5,Not_Canceled,2018
INN00035,2,0,0,2,Meal Plan 1,Room_Type 1,72,2018-10-07,Offline,85.5,Not_Canceled,2018
INN00036,2,0,0,1,Not Selected,Room_Type 1,23,2018-04-27,Online,115,Not_Canceled,2018
INN00037,1,0,2,1,Meal Plan 1,Room_Type 1,34,2018-06-19,Online,81,Canceled,2018
INN00038,2,0,0,1,Meal Plan 1,Room_Type 1,289,2017-10-17,Offline,67,Not_Canceled,2017
INN00039,2,0,2,3,Not Selected,Room_Type 1,247,2018-11-19,Online,63.75,Canceled,2018
INN00040,2,0,2,1,Meal Plan 1,Room_Type 4,186,2018-07-30,Online,121.8,Canceled,2018
INN00041,2,0,0,4,Meal Plan 1,Room_Type 1,64,2018-11-01,Online,93.6,Not_Canceled,2018
INN00042,2,0,0,2,Meal Plan 1,Room_Type 1,35,2018-06-21,Online,102,Not_Canceled,2018
INN00043,3,0,2,1,Meal Plan 1,Room_Type 1,96,2018-04-10,Online,121.8,Not_Canceled,2018
INN00044,2,0,1,1,Not Selected,Room_Type 1,41,2018-06-27,Online,98.1,Canceled,2018
INN00045,2,0,0,4,Meal Plan 1,Room_Type 4,55,2017-11-18,Offline,60,Not_Canceled,2017
INN00046,2,0,0,3,Meal Plan 1,Room_Type 1,146,2017-12-29,Offline,75,Not_Canceled,2017
INN00047,1,0,0,2,Meal Plan 1,Room_Type 1,32,2017-11-20,Offline,73,Not_Canceled,2017
INN00048,2,0,0,1,Meal Plan 2,Room_Type 1,55,2018-04-06,Offline,104,Not_Canceled,2018
INN00049,2,0,0,4,Not Selected,Room_Type 1,57,2018-11-01,Online,79.2,Not_Canceled,2018
INN00050,1,0,1,3,Meal Plan 1,Room_Type 4,7,2018-12-29,Online,125.8,Not_Canceled,2018
INN00051,1,0,2,5,Not Selected,Room_Type 1,124,2018-05-30,Online,87.95,Not_Canceled,2018
INN00052,2,0,2,2,Meal Plan 2,Room_Type 1,169,2018-04-22,Online,106,Canceled,2018
INN00053,1,0,1,2,Meal Plan 1,Room_Type 1,6,2018-05-16,Online,136.67,Not_Canceled,2018
INN00054,2,0,0,4,Meal Plan 1,Room_Type 4,51,2017-11-11,Offline,60,Not_Canceled,2017
INN00055,2,0,1,0,Not Selected,Room_Type 1,13,2018-06-13,Online,89,Not_Canceled,2018
INN00056,2,0,1,3,Meal Plan 1,Room_Type 1,100,2018-05-19,Online,136,Not_Canceled,2018
INN00057,2,0,0,1,Not Selected,Room_Type 1,139,2018-07-28,Online,94.5,Not_Canceled,2018
INN00058,2,0,1,2,Meal Plan 1,Room_Type 1,117,2018-12-26,Online,93.6,Not_Canceled,2018
INN00059,2,0,1,4,Meal Plan 1,Room_Type 4,39,2018-04-20,Online,120.6,Canceled,2018
INN00060,2,0,0,3,Meal Plan 1,Room_Type 4,86,2018-04-06,Online,99.3,Not_Canceled,2018
INN00061,2,2,0,1,Meal Plan 1,Room_Type 6,2,2018-09-02,Online,258,Not_Canceled,2018
INN00062,1,0,0,3,Meal Plan 1,Room_Type 4,19,2018-05-03,Online,120.12,Not_Canceled,2018
INN00063,1,0,0,2,Meal Plan 1,Room_Type 1,192,2018-06-24,Offline,95,Not_Canceled,2018
INN00064,1,0,0,1,Meal Plan 1,Room_Type 1,2,2017-09-10,Complementary,0,Not_Canceled,2017
INN00065,2,0,2,1,Meal Plan 1,Room_Type 1,86,2018-12-18,Offline,75,Not_Canceled,2018
INN00066,2,0,0,3,Meal Plan 1,Room_Type 4,30,2018-10-05,Online,157.5,Not_Canceled,2018
INN00067,2,0,0,2,Meal Plan 1,Room_Type 4,179,2018-06-03,Online,97.7,Not_Canceled,2018
INN00068,2,0,0,2,Meal Plan 1,Room_Type 4,26,2018-04-15,Online,142,Canceled,2018
INN00069,2,0,0,1,Meal Plan 1,Room_Type 1,55,2018-04-06,Offline,80,Not_Canceled,2018
INN00070,2,0,1,2,Meal Plan 1,Room_Type 1,74,2018-04-25,Online,85.5,Not_Canceled,2018
INN00071,2,0,0,3,Meal Plan 1,Room_Type 1,143,2018-08-25,Offline,100,Not_Canceled,2018
INN00072,2,0,1,0,Not Selected,Room_Type 1,34,2018-11-14,Online,88,Not_Canceled,2018
INN00073,2,0,1,1,Meal Plan 1,Room_Type 1,30,2018-08-29,Online,122.85,Not_Canceled,2018
INN00074,2,0,0,2,Meal Plan 1,Room_Type 1,177,2018-06-03,Online,100,Canceled,2018
INN00075,2,0,2,3,Meal Plan 1,Room_Type 4,34,2017-10-25,Offline,75,Not_Canceled,2017
INN00076,2,0,1,4,Meal Plan 1,Room_Type 4,18,2018-03-09,Online,116.8,Not_Canceled,2018
INN00077,3,0,1,1,Meal Plan 1,Room_Type 4,267,2018-12-31,Online,121.5,Not_Canceled,2018
INN00078,2,0,1,2,Meal Plan 1,Room_Type 1,64,2018-06-27,Online,111.9,Not_Canceled,2018
INN00079,3,0,2,5,Meal Plan 1,Room_Type 4,155,2018-06-28,Online,121.55,Canceled,2018
INN00080,2,0,0,5,Meal Plan 1,Room_Type 1,46,2018-03-29,Offline,75,Not_Canceled,2018
INN00081,2,2,0,2,Meal Plan 1,Room_Type 6,83,2018-04-01,Online,159.3,Canceled,2018
INN00082,2,0,0,5,Meal Plan 1,Room_Type 4,128,2018-10-11,Online,132.3,Canceled,2018
INN00083,2,0,2,0,Not Selected,Room_Type 1,20,2018-12-25,Online,88,Not_Canceled,2018
INN00084,2,0,1,4,Meal Plan 1,Room_Type 4,40,2018-03-14,Online,98.82,Not_Canceled,2018
INN00085,2,0,1,2,Meal Plan 1,Room_Type 4,46,2018-03-04,Online,98.3,Not_Canceled,2018
INN00086,1,0,1,0,Meal Plan 1,Room_Type 1,1,2018-10-17,Online,150,Not_Canceled,2018
INN00087,2,0,2,3,Not Selected,Room_Type 1,196,2018-09-04,Online,96.05,Not_Canceled,2018
INN00088,1,0,0,2,Meal Plan 1,Room_Type 1,188,2018-06-15,Online,130,Canceled,2018
INN00089,2,0,0,1,Not Selected,Room_Type 1,17,2018-12-10,Online,95,Not_Canceled,2018
INN00090,2,0,0,3,Meal Plan 1,Room_Type 5,146,2018-08-09,Offline,113.56,Not_Canceled,2018
INN00091,2,0,1,3,Not Selected,Room_Type 1,110,2018-05-05,Online,101.58,Not_Canceled,2018
INN00092,2,0,1,2,Meal Plan 1,Room_Type 1,68,2018-03-18,Online,105.3,Not_Canceled,2018
INN00093,2,0,2,1,Meal Plan 1,Room_Type 4,73,2018-04-09,Online,115.8,Not_Canceled,2018
INN00094,2,0,0,1,Meal Plan 1,Room_Type 4,92,2018-05-19,Online,149.4,Not_Canceled,2018
INN00095,2,0,2,5,Meal Plan 1,Room_Type 1,171,2018-08-30,Online,111.59,Canceled,2018
INN00096,2,1,0,2,Meal Plan 1,Room_Type 1,134,2018-08-04,Online,130.5,Not_Canceled,2018
INN00097,2,0,0,2,Meal Plan 2,Room_Type 1,320,2018-08-18,Online,115,Canceled,2018
INN00098,2,0,0,4,Meal Plan 1,Room_Type 1,118,2018-04-13,Online,90.95,Not_Canceled,2018
INN00099,2,0,0,3,Meal Plan 1,Room_Type 1,30,2018-11-17,Online,76.08,Not_Canceled,2018
INN00100,2,2,1,3,Meal Plan 1,Room_Type 6,30,2018-12-22,Online,156.9,Not_Canceled,2018
INN00101,2,0,1,0,Not Selected,Room_Type 1,189,2018-10-23,Online,85.5,Not_Canceled,2018
INN00102,3,0,1,2,Meal Plan 1,Room_Type 4,55,2018-05-13,Online,159.3,Not_Canceled,2018
INN00103,1,0,0,4,Meal Plan 1,Room_Type 1,55,2018-12-13,Online,74.8,Not_Canceled,2018
INN00104,2,0,0,1,Meal Plan 1,Room_Type 1,16,2017-10-31,Online,95,Not_Canceled,2017
INN00105,2,0,0,3,Meal Plan 1,Room_Type 1,24,2017-10-08,Online,107,Not_Canceled,2017
INN00106,2,0,0,3,Meal Plan 1,Room_Type 1,8,2018-02-16,Offline,64,Not_Canceled,2018
INN00107,2,0,1,4,Meal Plan 1,Room_Type 1,10,2017-11-02,Online,82.95,Not_Canceled,2017
INN00108,2,0,1,3,Meal Plan 1,Room_Type 4,0,2017-09-21,Online,155,Not_Canceled,2017
INN00109,2,0,0,1,Not Selected,Room_Type 1,12,2018-06-30,Online,101.68,Not_Canceled,2018
INN00110,2,0,2,1,Meal Plan 1,Room_Type 1,32,2017-09-05,Online,94.5,Not_Canceled,2017
INN00111,2,0,0,2,Meal Plan 1,Room_Type 1,182,2018-09-30,Online,117.9,Canceled,2018
INN00112,2,0,1,0,Not Selected,Room_Type 1,1,2018-06-27,Online,127,Not_Canceled,2018
INN00113,2,0,0,3,Not Selected,Room_Type 1,122,2018-06-16,Online,116.1,Not_Canceled,2018
INN00114,2,0,2,3,Meal Plan 1,Room_Type 1,40,2018-06-30,Online,117.9,Not_Canceled,2018
INN00115,2,2,2,2,Meal Plan 1,Room_Type 2,116,2018-06-26,Online,184.24,Canceled,2018
INN00116,3,0,2,2,Meal Plan 1,Room_Type 4,123,2018-08-13,Online,155.7,Not_Canceled,2018
INN00117,3,0,2,5,Meal Plan 1,Room_Type 4,40,2018-04-22,Online,135.76,Canceled,2018
INN00118,2,1,2,5,Meal Plan 1,Room_Type 1,105,2018-11-12,Online,102.83,Not_Canceled,2018
INN00119,2,0,0,1,Meal Plan 1,Room_Type 1,443,2018-04-29,Online,65,Canceled,2018
INN00120,2,0,2,3,Meal Plan 1,Room_Type 1,2,2017-11-14,Online,103,Not_Canceled,2017
INN00121,2,0,0,3,Meal Plan 1,Room_Type 1,317,2018-09-01,Online,106.2,Canceled,2018
INN00122,2,0,0,2,Meal Plan 2,Room_Type 1,286,2018-09-16,Offline,58.5,Not_Canceled,2018
INN00123,2,0,1,3,Meal Plan 1,Room_Type 1,68,2018-03-10,Online,73.95,Canceled,2018
INN00124,2,0,0,3,Meal Plan 1,Room_Type 1,148,2018-05-05,Online,105.3,Not_Canceled,2018
INN00125,3,0,2,0,Meal Plan 1,Room_Type 4,68,2018-04-24,Online,133.2,Not_Canceled,2018
INN00126,2,0,0,2,Meal Plan 1,Room_Type 1,30,2018-03-30,Offline,85.5,Not_Canceled,2018
INN00127,1,0,0,1,Meal Plan 1,Room_Type 1,14,2018-11-03,Online,112,Canceled,2018
INN00128,2,2,0,2,Meal Plan 1,Room_Type 6,110,2018-10-14,Online,190.8,Canceled,2018
INN00129,1,0,2,3,Meal Plan 1,Room_Type 1,117,2018-06-05,Offline,110,Not_Canceled,2018
INN00130,2,0,1,4,Meal Plan 1,Room_Type 4,85,2018-07-13,Online,91.48,Not_Canceled,2018
INN00131,2,0,0,2,Not Selected,Room_Type 1,1,2018-10-20,Online,135,Not_Canceled,2018
INN00132,1,0,1,2,Meal Plan 1,Room_Type 1,25,2018-10-17,Online,129,Not_Canceled,2018
INN00133,2,0,2,4,Not Selected,Room_Type 1,289,2018-12-28,Online,70.55,Canceled,2018
INN00134,2,0,1,4,Meal Plan 1,Room_Type 4,28,2017-10-19,Offline,75,Not_Canceled,2017
INN00135,1,0,0,4,Not Selected,Room_Type 1,80,2018-03-29,Online,72.25,Not_Canceled,2018
INN00136,2,0,0,1,Meal Plan 1,Room_Type 4,11,2017-10-09,Online,155,Not_Canceled,2017
INN00137,2,1,1,0,Meal Plan 1,Room_Type 1,162,2018-07-25,Online,121.5,Canceled,2018
INN00138,2,0,2,5,Meal Plan 1,Room_Type 1,155,2018-06-28,Online,90.95,Not_Canceled,2018
INN00139,1,0,2,2,Meal Plan 1,Room_Type 1,82,2018-05-22,Online,109.65,Not_Canceled,2018
INN00140,3,0,2,4,Meal Plan 1,Room_Type 4,27,2018-04-15,Online,142.72,Canceled,2018
INN00141,1,0,1,2,Meal Plan 1,Room_Type 1,13,2018-05-09,Offline,90,Not_Canceled,2018
INN00142,2,0,0,2,Meal Plan 1,Room_Type 1,245,2018-06-17,Online,75,Canceled,2018
INN00143,2,0,0,2,Meal Plan 1,Room_Type 1,11,2018-11-18,Online,111,Canceled,2018
INN00144,2,0,2,2,Meal Plan 1,Room_Type 1,266,2018-10-30,Online,86.7,Not_Canceled,2018
INN00145,2,0,1,0,Meal Plan 1,Room_Type 1,39,2018-03-28,Online,117.9,Not_Canceled,2018
INN00146,1,0,0,2,Meal Plan 1,Room_Type 1,13,2018-06-01,Complementary,0,Not_Canceled,2018
INN00147,2,0,0,4,Not Selected,Room_Type 1,112,2018-05-04,Online,101.58,Not_Canceled,2018
INN00148,2,0,1,2,Not Selected,Room_Type 1,88,2018-04-08,Online,58.9,Not_Canceled,2018
INN00149,2,0,0,1,Meal Plan 1,Room_Type 1,56,2018-06-08,Offline,120,Not_Canceled,2018
INN00150,2,0,2,3,Meal Plan 1,Room_Type 4,73,2018-04-07,Online,107.1,Canceled,2018
INN00151,2,0,1,1,Meal Plan 1,Room_Type 1,80,2018-05-02,Online,126.9,Not_Canceled,2018
INN00152,2,0,0,3,Meal Plan 1,Room_Type 4,130,2018-09-29,Online,139.5,Canceled,2018
INN00153,2,0,1,3,Not Selected,Room_Type 1,69,2018-04-04,Online,80.75,Not_Canceled,2018
INN00154,2,0,0,2,Meal Plan 2,Room_Type 1,273,2017-07-17,Online,109,Canceled,2017
INN00155,2,0,0,1,Meal Plan 2,Room_Type 1,55,2018-04-06,Offline,104,Not_Canceled,2018
INN00156,1,0,0,3,Meal Plan 1,Room_Type 1,4,2018-11-01,Corporate,65,Not_Canceled,2018
INN00157,2,0,0,3,Meal Plan 1,Room_Type 4,97,2018-05-24,Online,140.4,Not_Canceled,2018
INN00158,2,0,0,3,Meal Plan 1,Room_Type 1,44,2018-02-17,Offline,75,Not_Canceled,2018
INN00159,2,0,0,1,Not Selected,Room_Type 1,31,2018-04-14,Online,94.5,Canceled,2018
INN00160,2,0,1,0,Not Selected,Room_Type 1,0,2018-06-05,Online,109,Not_Canceled,2018
INN00161,2,0,2,2,Meal Plan 1,Room_Type 1,62,2018-11-12,Online,105,Not_Canceled,2018
INN00162,2,0,2,2,Meal Plan 1,Room_Type 4,86,2018-04-17,Online,107.95,Not_Canceled,2018
INN00163,3,0,2,2,Meal Plan 1,Room_Type 7,3,2018-10-07,Online,215.6,Not_Canceled,2018
INN00164,2,0,1,1,Not Selected,Room_Type 1,197,2018-08-01,Online,85.5,Not_Canceled,2018
INN00165,2,0,0,2,Meal Plan 1,Room_Type 1,143,2018-07-12,Online,105.3,Not_Canceled,2018
INN00166,1,0,2,1,Meal Plan 2,Room_Type 1,23,2018-01-02,Online,1,Not_Canceled,2018
INN00167,2,0,0,2,Meal Plan 1,Room_Type 4,8,2018-06-15,Online,156,Canceled,2018
INN00168,1,0,0,2,Meal Plan 1,Room_Type 1,13,2018-11-16,Online,73.15,Not_Canceled,2018
INN00169,2,0,1,2,Meal Plan 1,Room_Type 1,280,2018-09-19,Online,110,Canceled,2018
INN00170,2,1,1,0,Not Selected,Room_Type 1,11,2017-09-13,Online,87.4,Not_Canceled,2017
INN00171,2,0,0,2,Meal Plan 1,Room_Type 1,317,2018-09-15,Online,120,Canceled,2018
INN00172,2,0,1,2,Not Selected,Room_Type 1,185,2018-12-16,Online,79.2,Canceled,2018
INN00173,2,0,1,3,Meal Plan 1,Room_Type 1,160,2018-06-30,Online,90.95,Not_Canceled,2018
INN00174,2,0,0,4,Meal Plan 1,Room_Type 1,104,2018-10-18,Online,91.48,Not_Canceled,2018
INN00175,2,1,0,1,Meal Plan 1,Room_Type 1,11,2018-11-05,Online,150,Canceled,2018
INN00176,2,0,0,1,Not Selected,Room_Type 1,2,2018-03-22,Online,89,Not_Canceled,2018
INN00177,2,0,1,4,Not Selected,Room_Type 1,14,2018-08-17,Online,91.43,Not_Canceled,2018
INN00178,2,0,0,2,Meal Plan 1,Room_Type 1,22,2018-05-20,Offline,140,Not_Canceled,2018
INN00179,1,1,2,5,Not Selected,Room_Type 1,37,2017-10-24,Online,87.78,Not_Canceled,2017
INN00180,2,0,0,2,Meal Plan 2,Room_Type 1,292,2018-07-21,Online,115,Canceled,2018
INN00181,2,0,0,3,Meal Plan 1,Room_Type 1,11,2017-09-09,Online,80.85,Not_Canceled,2017
INN00182,2,0,1,3,Meal Plan 1,Room_Type 1,86,2018-03-31,Online,82.45,Not_Canceled,2018
INN00183,2,0,0,1,Not Selected,Room_Type 1,109,2018-10-11,Online,108,Canceled,2018
INN00184,2,0,1,1,Meal Plan 1,Room_Type 4,72,2018-04-02,Online,96.3,Not_Canceled,2018
INN00185,2,0,1,5,Meal Plan 1,Room_Type 1,196,2018-08-22,Online,99.45,Canceled,2018
INN00186,2,0,0,2,Meal Plan 1,Room_Type 4,56,2018-05-13,Online,140.4,Not_Canceled,2018
INN00187,2,0,1,3,Meal Plan 1,Room_Type 1,189,2018-08-08,Offline,72.25,Not_Canceled,2018
INN00188,2,0,1,4,Meal Plan 1,Room_Type 4,126,2018-08-15,Online,126,Not_Canceled,2018
INN00189,2,0,2,3,Meal Plan 1,Room_Type 1,303,2018-08-19,Online,78,Canceled,2018
INN00190,1,0,2,2,Meal Plan 1,Room_Type 4,81,2018-11-06,Online,146.6,Not_Canceled,2018
INN00191,2,0,1,2,Meal Plan 1,Room_Type 1,54,2018-10-10,Online,118.8,Canceled,2018
INN00192,1,0,0,1,Meal Plan 1,Room_Type 1,15,2018-10-06,Online,145,Canceled,2018
INN00193,2,0,0,4,Meal Plan 1,Room_Type 1,86,2018-04-06,Online,84.58,Canceled,2018
INN00194,2,0,1,2,Meal Plan 2,Room_Type 1,161,2018-03-25,Online,130,Canceled,2018
INN00195,2,0,4,10,Meal Plan 1,Room_Type 4,147,2018-08-03,Online,118.88,Canceled,2018
INN00196,2,0,1,2,Meal Plan 1,Room_Type 1,92,2018-05-30,Offline,101.52,Not_Canceled,2018
INN00197,2,0,0,1,Meal Plan 1,Room_Type 1,87,2017-09-11,Corporate,100,Canceled,2017
INN00198,2,0,2,1,Meal Plan 1,Room_Type 1,109,2018-03-20,Offline,58,Not_Canceled,2018
INN00199,2,0,0,4,Meal Plan 1,Room_Type 1,127,2018-03-23,Offline,61.5,Not_Canceled,2018
INN00200,2,0,1,2,Meal Plan 2,Room_Type 1,418,2018-09-26,Online,107,Canceled,2018
INN00201,2,0,1,4,Not Selected,Room_Type 1,156,2018-08-24,Online,87.3,Not_Canceled,2018
INN00202,2,0,0,2,Meal Plan 1,Room_Type 1,80,2017-07-16,Online,76.5,Canceled,2017
INN00203,2,0,2,2,Not Selected,Room_Type 1,211,2018-12-16,Online,63.75,Canceled,2018
INN00204,2,0,1,2,Meal Plan 1,Room_Type 1,273,2018-05-13,Online,95,Canceled,2018
INN00205,2,0,2,1,Meal Plan 1,Room_Type 1,58,2018-11-19,Offline,75,Not_Canceled,2018
INN00206,2,0,0,3,Meal Plan 1,Room_Type 1,433,2018-09-08,Online,70,Canceled,2018
INN00207,2,0,1,3,Meal Plan 1,Room_Type 1,111,2018-05-02,Online,101.58,Not_Canceled,2018
INN00208,2,0,2,3,Meal Plan 1,Room_Type 1,34,2018-08-21,Offline,85,Not_Canceled,2018
INN00209,2,0,2,4,Meal Plan 1,Room_Type 1,17,2018-12-03,Online,98.39,Not_Canceled,2018
INN00210,1,0,0,0,Meal Plan 1,Room_Type 1,4,2018-02-27,Complementary,0,Not_Canceled,2018
INN00211,2,0,0,3,Meal Plan 1,Room_Type 1,6,2017-09-22,Online,106.07,Not_Canceled,2017
INN00212,2,0,1,1,Meal Plan 1,Room_Type 1,32,2018-07-18,Offline,105,Not_Canceled,2018
INN00213,2,0,0,1,Meal Plan 1,Room_Type 1,4,2017-09-22,Online,145,Not_Canceled,2017
INN00214,3,0,2,1,Meal Plan 1,Room_Type 1,195,2018-08-13,Online,106.03,Canceled,2018
INN00215,2,0,2,2,Meal Plan 1,Room_Type 1,119,2018-08-13,Online,114.3,Not_Canceled,2018
INN00216,1,0,1,1,Not Selected,Room_Type 1,13,2018-12-05,Online,88,Not_Canceled,2018
INN00217,2,0,0,2,Meal Plan 1,Room_Type 1,59,2017-10-15,Online,89.25,Not_Canceled,2017
INN00218,2,1,2,5,Meal Plan 1,Room_Type 4,78,2018-03-20,Online,86.32,Not_Canceled,2018
INN00219,2,0,0,3,Meal Plan 1,Room_Type 1,335,2018-10-13,Offline,90,Not_Canceled,2018
INN00220,2,0,2,5,Meal Plan 1,Room_Type 1,103,2017-08-22,Online,55.96,Not_Canceled,2017
INN00221,1,0,0,2,Not Selected,Room_Type 1,0,2018-06-08,Online,109,Not_Canceled,2018
INN00222,2,0,0,1,Meal Plan 1,Room_Type 1,118,2018-03-01,Offline,86,Not_Canceled,2018
INN00223,2,0,1,5,Meal Plan 1,Room_Type 1,56,2018-09-05,Online,118.95,Not_Canceled,2018
INN00224,2,0,0,2,Meal Plan 1,Room_Type 1,107,2018-06-10,Offline,130,Not_Canceled,2018
INN00225,2,0,1,3,Not Selected,Room_Type 1,70,2018-04-14,Online,90.56,Not_Canceled,2018
INN00226,2,0,0,2,Meal Plan 1,Room_Type 1,76,2018-04-01,Online,87.3,Not_Canceled,2018
INN00227,2,2,2,2,Meal Plan 1,Room_Type 6,144,2018-05-27,Online,177.65,Canceled,2018
INN00228,1,2,2,2,Meal Plan 1,Room_Type 6,4,2017-09-19,Online,200.75,Not_Canceled,2017
INN00229,2,1,0,2,Meal Plan 1,Room_Type 1,15,2018-03-18,Online,127,Not_Canceled,2018
INN00230,1,0,1,2,Meal Plan 1,Room_Type 1,32,2018-02-05,Online,72.9,Canceled,2018
INN00231,3,0,1,1,Meal Plan 1,Room_Type 4,49,2018-05-07,Online,159.3,Canceled,2018
INN00232,2,1,1,3,Meal Plan 1,Room_Type 1,77,2018-05-12,Online,135.15,Not_Canceled,2018
INN00233,1,0,0,2,Meal Plan 1,Room_Type 1,22,2018-10-28,Offline,90,Not_Canceled,2018
INN00234,2,0,1,0,Not Selected,Room_Type 1,0,2017-10-18,Online,114,Not_Canceled,2017
INN00235,2,1,0,1,Meal Plan 1,Room_Type 1,58,2018-06-21,Online,125.1,Not_Canceled,2018
INN00236,2,0,2,6,Not Selected,Room_Type 1,4,2017-08-14,Online,95.13,Not_Canceled,2017
INN00237,2,0,0,2,Meal Plan 1,Room_Type 5,117,2018-04-29,Online,105.84,Canceled,2018
INN00238,2,0,1,3,Meal Plan 1,Room_Type 1,36,2018-12-26,Online,102,Canceled,2018
INN00239,2,0,2,2,Not Selected,Room_Type 1,35,2018-12-02,Online,74.8,Not_Canceled,2018
INN00240,2,0,1,0,Not Selected,Room_Type 1,31,2018-04-24,Online,94.5,Canceled,2018
INN00241,2,0,2,4,Not Selected,Room_Type 1,79,2018-06-16,Online,120.6,Not_Canceled,2018
INN00242,2,0,1,2,Meal Plan 1,Room_Type 1,1,2017-10-09,Online,139.33,Not_Canceled,2017
INN00243,2,0,0,2,Meal Plan 1,Room_Type 1,21,2017-09-03,Online,105,Not_Canceled,2017
INN00244,2,0,0,2,Not Selected,Room_Type 1,12,2018-09-14,Corporate,100,Not_Canceled,2018
INN00245,2,0,1,0,Meal Plan 1,Room_Type 1,33,2018-02-08,Online,80.3,Not_Canceled,2018
INN00246,1,0,0,2,Meal Plan 1,Room_Type 1,164,2017-10-02,Offline,100,Not_Canceled,2017
INN00247,2,0,0,3,Meal Plan 1,Room_Type 1,78,2018-03-24,Online,105.3,Not_Canceled,2018
INN00248,2,0,0,4,Meal Plan 1,Room_Type 4,18,2018-05-31,Online,112.8,Canceled,2018
INN00249,2,0,1,2,Meal Plan 1,Room_Type 1,21,2018-08-15,Online,151,Canceled,2018
INN00250,1,0,1,3,Meal Plan 1,Room_Type 1,0,2017-11-09,Online,91,Not_Canceled,2017
INN00251,3,0,2,1,Meal Plan 1,Room_Type 4,152,2018-08-13,Online,146.7,Canceled,2018
INN00252,2,0,2,3,Meal Plan 1,Room_Type 1,43,2017-10-02,Offline,58.4,Not_Canceled,2017
INN00253,2,0,0,4,Not Selected,Room_Type 1,177,2018-07-26,Online,80.75,Canceled,2018
INN00254,2,0,1,1,Not Selected,Room_Type 1,47,2018-05-21,Offline,76.5,Not_Canceled,2018
INN00255,3,0,0,3,Meal Plan 1,Room_Type 4,57,2018-09-07,Online,140.13,Not_Canceled,2018
INN00256,2,0,2,4,Not Selected,Room_Type 1,60,2017-11-15,Online,76,Not_Canceled,2017
INN00257,2,0,0,1,Meal Plan 1,Room_Type 1,0,2017-09-16,Online,200,Not_Canceled,2017
INN00258,2,0,0,2,Meal Plan 2,Room_Type 1,102,2017-10-16,Online,101.5,Canceled,2017
INN00259,2,0,0,3,Not Selected,Room_Type 1,71,2018-10-18,Online,108,Not_Canceled,2018
INN00260,3,0,2,3,Meal Plan 2,Room_Type 4,111,2018-07-23,Online,189,Not_Canceled,2018
INN00261,3,0,1,1,Meal Plan 1,Room_Type 4,1,2018-06-11,Online,166,Not_Canceled,2018
INN00262,2,0,1,1,Not Selected,Room_Type 1,4,2018-01-16,Online,67.5,Not_Canceled,2018
INN00263,2,0,1,3,Meal Plan 1,Room_Type 4,25,2017-09-14,Online,78.54,Not_Canceled,2017
INN00264,1,0,2,2,Meal Plan 1,Room_Type 1,209,2018-11-06,Online,152.1,Canceled,2018
INN00265,1,0,2,1,Meal Plan 1,Room_Type 1,93,2018-10-15,Online,115,Canceled,2018
INN00266,2,0,2,5,Not Selected,Room_Type 1,53,2017-09-02,Online,66.53,Not_Canceled,2017
INN00267,1,0,0,2,Meal Plan 1,Room_Type 1,1,2017-08-12,Complementary,0,Not_Canceled,2017
INN00268,1,0,2,1,Meal Plan 1,Room_Type 1,4,2017-08-23,Complementary,0,Not_Canceled,2017
INN00269,2,0,0,3,Meal Plan 1,Room_Type 1,302,2018-12-29,Online,90.3,Canceled,2018
INN00270,2,0,0,2,Meal Plan 1,Room_Type 1,122,2018-04-15,Offline,85,Not_Canceled,2018
INN00271,1,0,0,1,Meal Plan 1,Room_Type 1,16,2018-03-11,Corporate,75,Not_Canceled,2018
INN00272,2,0,2,4,Meal Plan 1,Room_Type 1,28,2018-08-28,Online,115.37,Canceled,2018
INN00273,2,0,1,2,Meal Plan 2,Room_Type 1,161,2018-03-25,Online,130,Canceled,2018
INN00274,3,0,0,2,Meal Plan 1,Room_Type 4,57,2018-12-09,Online,126,Not_Canceled,2018
INN00275,2,0,1,0,Meal Plan 1,Room_Type 1,19,2018-06-12,Online,94.35,Not_Canceled,2018
INN00276,3,0,2,4,Meal Plan 1,Room_Type 4,109,2018-07-06,Online,118.46,Not_Canceled,2018
INN00277,1,0,0,2,Meal Plan 2,Room_Type 1,239,2018-06-15,Online,90.6,Canceled,2018
INN00278,1,0,2,1,Meal Plan 1,Room_Type 1,33,2018-03-05,Online,82.9,Not_Canceled,2018
INN00279,2,0,0,3,Meal Plan 1,Room_Type 1,11,2017-08-18,Online,95.33,Not_Canceled,2017
INN00280,3,0,2,5,Meal Plan 1,Room_Type 4,40,2018-04-21,Online,135.64,Not_Canceled,2018
INN00281,3,0,1,1,Meal Plan 1,Room_Type 4,45,2018-06-18,Offline,122.4,Not_Canceled,2018
INN00282,2,0,1,3,Not Selected,Room_Type 1,41,2018-05-09,Online,116.1,Canceled,2018
INN00283,2,0,0,4,Not Selected,Room_Type 1,167,2018-06-28,Online,62.18,Canceled,2018
INN00284,2,0,0,4,Not Selected,Room_Type 1,62,2018-03-09,Online,63.75,Canceled,2018
INN00285,1,0,1,4,Meal Plan 1,Room_Type 1,113,2018-09-07,Online,118.8,Canceled,2018
INN00286,2,0,0,2,Not Selected,Room_Type 1,1,2018-08-10,Online,167,Not_Canceled,2018
INN00287,2,2,2,2,Meal Plan 1,Room_Type 6,84,2018-05-13,Online,187.85,Not_Canceled,2018
INN00288,0,2,2,2,Meal Plan 1,Room_Type 1,68,2018-04-24,Online,108.38,Canceled,2018
INN00289,2,0,0,1,Meal Plan 1,Room_Type 2,9,2018-09-07,Complementary,0,Not_Canceled,2018
INN00290,3,0,1,2,Meal Plan 1,Room_Type 1,245,2018-10-28,Online,128.7,Canceled,2018
INN00291,2,0,1,3,Meal Plan 1,Room_Type 1,80,2018-03-17,Online,80.33,Not_Canceled,2018
INN00292,2,0,1,1,Meal Plan 1,Room_Type 1,7,2018-08-22,Online,140,Canceled,2018
INN00293,2,1,1,1,Meal Plan 1,Room_Type 1,128,2017-08-08,Online,76.5,Not_Canceled,2017
INN00294,2,0,2,1,Meal Plan 1,Room_Type 1,100,2018-05-01,Online,105.3,Not_Canceled,2018
INN00295,2,0,2,1,Meal Plan 1,Room_Type 1,118,2018-04-03,Online,87.3,Canceled,2018
INN00296,1,0,0,3,Meal Plan 1,Room_Type 1,166,2018-11-01,Online,110,Canceled,2018
INN00297,1,0,0,1,Meal Plan 2,Room_Type 1,41,2017-09-04,Offline,83,Not_Canceled,2017
INN00298,2,0,2,2,Meal Plan 1,Room_Type 1,174,2018-08-13,Online,99.45,Not_Canceled,2018
INN00299,2,1,2,1,Meal Plan 2,Room_Type 1,27,2017-12-27,Offline,104.5,Not_Canceled,2017
INN00300,2,0,2,6,Meal Plan 1,Room_Type 1,2,2018-11-16,Online,92.54,Not_Canceled,2018
INN00301,1,0,0,3,Meal Plan 1,Room_Type 1,37,2018-10-13,Offline,95,Not_Canceled,2018
INN00302,1,0,0,2,Meal Plan 1,Room_Type 1,188,2018-06-15,Online,130,Canceled,2018
INN00303,2,0,2,1,Meal Plan 1,Room_Type 1,68,2018-01-02,Offline,63,Not_Canceled,2018
INN00304,2,0,1,2,Meal Plan 1,Room_Type 4,189,2018-10-28,Online,109.8,Canceled,2018
INN00305,2,0,1,0,Meal Plan 1,Room_Type 1,10,2018-05-16,Online,103,Not_Canceled,2018
INN00306,3,0,2,1,Meal Plan 1,Room_Type 4,19,2018-02-20,Online,130,Not_Canceled,2018
INN00307,2,0,0,2,Meal Plan 1,Room_Type 1,61,2018-03-23,Online,117,Canceled,2018
INN00308,2,0,0,4,Meal Plan 1,Room_Type 4,95,2017-12-29,Offline,60.5,Not_Canceled,2017
INN00309,2,0,0,1,Meal Plan 2,Room_Type 1,83,2017-09-30,Offline,112.2,Not_Canceled,2017
INN00310,2,0,1,3,Meal Plan 1,Room_Type 1,37,2018-08-01,Online,135.9,Canceled,2018
INN00311,2,0,1,0,Meal Plan 1,Room_Type 1,19,2018-07-25,Online,151,Canceled,2018
INN00312,2,2,0,2,Meal Plan 1,Room_Type 6,22,2018-09-16,Online,239,Not_Canceled,2018
INN00313,2,0,2,1,Meal Plan 1,Room_Type 1,22,2017-12-26,Online,59.09,Not_Canceled,2017
INN00314,2,0,2,5,Meal Plan 1,Room_Type 1,151,2018-07-09,Online,103.09,Canceled,2018
INN00315,2,0,2,1,Meal Plan 1,Room_Type 1,26,2018-02-28,Offline,87,Not_Canceled,2018
INN00316,3,0,1,0,Meal Plan 1,Room_Type 4,27,2018-04-17,Online,137,Canceled,2018
INN00317,2,0,0,2,Meal Plan 2,Room_Type 1,79,2018-06-24,Offline,109,Not_Canceled,2018
INN00318,2,0,1,1,Meal Plan 2,Room_Type 1,247,2018-06-06,Online,115,Canceled,2018
INN00319,2,0,2,3,Meal Plan 1,Room_Type 4,189,2018-07-17,Online,99.45,Not_Canceled,2018
INN00320,2,0,0,2,Meal Plan 2,Room_Type 1,320,2018-08-18,Online,115,Canceled,2018
INN00321,3,0,1,2,Meal Plan 1,Room_Type 4,27,2018-02-22,Online,130,Not_Canceled,2018
INN00322,1,0,1,0,Meal Plan 1,Room_Type 1,51,2018-05-22,Corporate,65,Not_Canceled,2018
INN00323,2,0,0,2,Meal Plan 1,Room_Type 1,245,2018-06-17,Online,75,Canceled,2018
INN00324,2,1,1,2,Meal Plan 1,Room_Type 1,52,2018-07-08,Online,132.9,Canceled,2018
INN00325,1,0,2,0,Meal Plan 1,Room_Type 1,13,2017-10-18,Online,120,Not_Canceled,2017
INN00326,2,0,0,2,Not Selected,Room_Type 1,46,2018-11-11,Online,79.2,Canceled,2018
INN00327,3,0,2,1,Meal Plan 1,Room_Type 4,84,2018-08-28,Online,159.3,Canceled,2018
INN00328,1,0,0,2,Meal Plan 1,Room_Type 1,188,2018-06-15,Online,130,Canceled,2018
INN00329,2,0,0,3,Meal Plan 1,Room_Type 1,19,2017-10-06,Offline,90,Not_Canceled,2017
INN00330,2,0,0,2,Meal Plan 1,Room_Type 4,67,2018-05-27,Online,140.4,Not_Canceled,2018
INN00331,2,0,0,1,Meal Plan 1,Room_Type 1,0,2017-08-11,Online,75,Not_Canceled,2017
INN00332,2,0,0,2,Meal Plan 2,Room_Type 1,273,2017-07-17,Online,109,Canceled,2017
INN00333,2,0,2,1,Meal Plan 2,Room_Type 1,110,2017-07-25,Online,94.5,Canceled,2017
INN00334,1,0,0,1,Meal Plan 1,Room_Type 1,0,2017-12-15,Corporate,75,Not_Canceled,2017
INN00335,2,0,1,2,Meal Plan 1,Room_Type 4,32,2017-10-23,Offline,75,Not_Canceled,2017
INN00336,2,0,2,1,Meal Plan 1,Room_Type 1,282,2017-10-10,Offline,76.67,Not_Canceled,2017
INN00337,2,0,2,2,Meal Plan 1,Room_Type 1,38,2018-10-02,Online,126,Not_Canceled,2018
INN00338,2,0,1,1,Not Selected,Room_Type 1,175,2018-07-23,Online,85.5,Not_Canceled,2018
INN00339,2,0,0,3,Meal Plan 1,Room_Type 4,143,2018-08-18,Online,140.7,Canceled,2018
INN00340,2,0,2,2,Meal Plan 1,Room_Type 4,127,2018-06-26,Online,103.7,Not_Canceled,2018
INN00341,1,0,0,1,Meal Plan 1,Room_Type 1,0,2017-09-08,Online,142,Not_Canceled,2017
INN00342,2,1,2,5,Meal Plan 1,Room_Type 1,95,2018-12-21,Online,103.7,Not_Canceled,2018
INN00343,1,0,1,2,Meal Plan 1,Room_Type 1,118,2018-06-06,Offline,110,Not_Canceled,2018
INN00344,2,0,0,3,Meal Plan 1,Room_Type 1,45,2018-11-10,Offline,75,Not_Canceled,2018
INN00345,3,0,1,1,Meal Plan 1,Room_Type 4,69,2018-07-25,Online,137.7,Not_Canceled,2018
INN00346,2,0,0,1,Not Selected,Room_Type 1,57,2018-09-07,Online,87.3,Not_Canceled,2018
INN00347,1,0,0,2,Meal Plan 1,Room_Type 1,5,2018-08-24,Complementary,0,Not_Canceled,2018
INN00348,2,0,0,2,Meal Plan 2,Room_Type 1,39,2017-08-14,Offline,101.5,Not_Canceled,2017
INN00349,2,0,0,1,Meal Plan 1,Room_Type 1,0,2018-02-24,Online,97,Not_Canceled,2018
INN00350,3,0,1,1,Meal Plan 1,Room_Type 4,89,2018-08-15,Online,150.3,Not_Canceled,2018
INN00351,2,0,0,4,Meal Plan 1,Room_Type 1,85,2018-03-29,Online,82.45,Not_Canceled,2018
INN00352,1,0,0,1,Meal Plan 1,Room_Type 4,4,2018-07-01,Corporate,103,Not_Canceled,2018
INN00353,1,0,2,6,Meal Plan 1,Room_Type 1,11,2018-07-05,Online,145,Canceled,2018
INN00354,1,0,1,1,Meal Plan 1,Room_Type 1,12,2018-07-11,Online,145,Not_Canceled,2018
INN00355,2,0,2,2,Meal Plan 1,Room_Type 4,77,2018-05-14,Online,134.85,Not_Canceled,2018
INN00356,2,1,1,1,Meal Plan 1,Room_Type 6,14,2018-10-22,Online,168.25,Not_Canceled,2018
INN00357,1,0,2,1,Meal Plan 1,Room_Type 1,1,2018-02-28,Online,60,Canceled,2018
INN00358,2,0,1,3,Meal Plan 1,Room_Type 1,133,2018-06-13,Offline,76,Not_Canceled,2018
INN00359,2,0,1,2,Meal Plan 1,Room_Type 1,3,2017-08-10,Offline,63.5,Not_Canceled,2017
INN00360,2,0,2,0,Meal Plan 1,Room_Type 1,19,2018-09-18,Offline,95,Not_Canceled,2018
INN00361,2,0,2,2,Meal Plan 1,Room_Type 4,86,2018-09-03,Offline,90.95,Not_Canceled,2018
INN00362,2,0,0,2,Meal Plan 1,Room_Type 1,23,2017-10-16,Online,98.4,Not_Canceled,2017
INN00363,2,0,0,1,Meal Plan 1,Room_Type 1,65,2018-09-22,Online,135.9,Not_Canceled,2018
INN00364,2,0,0,2,Meal Plan 1,Room_Type 4,1,2018-11-16,Online,130,Not_Canceled,2018
INN00365,2,0,0,1,Meal Plan 1,Room_Type 4,66,2017-11-19,Online,81.9,Not_Canceled,2017
INN00366,3,0,1,4,Meal Plan 1,Room_Type 1,50,2018-02-22,Online,78.85,Not_Canceled,2018
INN00367,2,0,2,3,Meal Plan 2,Room_Type 1,87,2018-06-26,Online,141.3,Canceled,2018
INN00368,2,0,1,1,Meal Plan 1,Room_Type 1,159,2018-04-09,Offline,70,Not_Canceled,2018
INN00369,2,0,2,3,Meal Plan 2,Room_Type 1,39,2018-08-13,Online,170.1,Not_Canceled,2018
INN00370,2,0,2,0,Meal Plan 2,Room_Type 1,386,2018-10-23,Online,115,Canceled,2018
INN00371,2,2,0,5,Meal Plan 1,Room_Type 6,22,2017-12-29,Online,199,Not_Canceled,2017
INN00372,2,0,2,2,Meal Plan 1,Room_Type 4,102,2018-07-10,Offline,82.45,Not_Canceled,2018
INN00373,4,0,0,3,Meal Plan 1,Room_Type 7,86,2018-10-20,Online,192.86,Not_Canceled,2018
INN00374,2,0,2,2,Meal Plan 1,Room_Type 1,56,2017-09-25,Offline,185,Not_Canceled,2017
INN00375,2,0,2,6,Meal Plan 1,Room_Type 1,36,2018-12-10,Online,68.07,Not_Canceled,2018
INN00376,2,0,0,3,Meal Plan 1,Room_Type 1,50,2018-10-04,Online,118.8,Not_Canceled,2018
INN00377,2,0,0,2,Meal Plan 1,Room_Type 4,115,2018-10-27,Online,104.4,Canceled,2018
INN00378,1,0,0,1,Meal Plan 1,Room_Type 1,0,2018-03-23,Corporate,65,Not_Canceled,2018
INN00379,2,0,1,3,Not Selected,Room_Type 1,35,2018-03-03,Online,71.1,Canceled,2018
INN00380,2,0,2,1,Meal Plan 1,Room_Type 1,17,2018-05-21,Offline,95,Not_Canceled,2018
INN00381,2,0,4,11,Meal Plan 1,Room_Type 4,237,2018-09-13,Online,116.62,Canceled,2018
INN00382,2,0,0,4,Meal Plan 1,Room_Type 1,125,2018-09-07,Online,136,Not_Canceled,2018
INN00383,2,2,2,2,Meal Plan 1,Room_Type 6,32,2018-12-02,Online,147.9,Canceled,2018
INN00384,2,0,2,0,Not Selected,Room_Type 1,5,2018-09-18,Offline,123.7,Not_Canceled,2018
INN00385,2,0,2,1,Meal Plan 1,Room_Type 1,91,2018-06-19,Online,135.9,Canceled,2018
INN00386,2,0,0,2,Meal Plan 2,Room_Type 1,102,2017-10-16,Offline,109,Not_Canceled,2017
INN00387,3,0,2,1,Meal Plan 1,Room_Type 4,9,2018-03-20,Online,186,Not_Canceled,2018
INN00388,3,0,1,3,Meal Plan 1,Room_Type 4,155,2018-12-26,Online,115.6,Canceled,2018
INN00389,2,2,0,1,Meal Plan 1,Room_Type 6,0,2018-05-14,Online,221,Canceled,2018
INN00390,1,0,0,3,Meal Plan 1,Room_Type 1,11,2017-09-15,Corporate,65,Not_Canceled,2017
INN00391,1,0,0,1,Meal Plan 1,Room_Type 1,0,2018-02-19,Corporate,80,Not_Canceled,2018
INN00392,2,1,1,4,Meal Plan 1,Room_Type 1,86,2018-03-23,Offline,73.83,Not_Canceled,2018
INN00393,1,0,0,1,Meal Plan 1,Room_Type 1,18,2018-10-18,Corporate,67,Not_Canceled,2018
INN00394,2,0,0,2,Meal Plan 1,Room_Type 1,58,2018-03-04,Online,80.3,Not_Canceled,2018
INN00395,2,0,2,1,Not Selected,Room_Type 1,54,2018-04-30,Offline,85,Not_Canceled,2018
INN00396,2,1,2,3,Meal Plan 1,Room_Type 1,25,2018-07-23,Online,152.1,Canceled,2018
INN00397,2,0,0,2,Meal Plan 1,Room_Type 1,107,2017-09-09,Online,89.25,Not_Canceled,2017
INN00398,1,0,0,4,Meal Plan 2,Room_Type 1,100,2018-09-28,Offline,110,Not_Canceled,2018
INN00399,2,0,1,2,Meal Plan 1,Room_Type 1,273,2018-05-13,Online,95,Canceled,2018
INN00400,2,0,0,1,Not Selected,Room_Type 1,29,2018-03-18,Online,79,Not_Canceled,2018
INN00401,2,0,0,1,Meal Plan 1,Room_Type 1,221,2018-08-12,Online,80,Canceled,2018
INN00402,2,0,2,2,Meal Plan 1,Room_Type 1,213,2018-10-01,Online,102.85,Canceled,2018
INN00403,2,0,1,2,Meal Plan 1,Room_Type 1,198,2018-09-09,Online,90,Canceled,2018
INN00404,2,0,1,2,Meal Plan 1,Room_Type 2,81,2018-01-29,Online,62.37,Not_Canceled,2018
INN00405,2,0,0,1,Not Selected,Room_Type 1,23,2018-04-08,Online,98,Not_Canceled,2018
INN00406,2,0,0,3,Meal Plan 1,Room_Type 1,26,2017-09-17,Online,117.67,Canceled,2017
INN00407,2,0,2,1,Meal Plan 1,Room_Type 1,20,2018-06-18,Online,141,Not_Canceled,2018
INN00408,2,1,1,3,Meal Plan 1,Room_Type 6,124,2018-12-26,Online,156.61,Canceled,2018
INN00409,3,0,0,3,Meal Plan 1,Room_Type 4,85,2018-08-03,Online,152.1,Canceled,2018
INN00410,2,0,0,1,Meal Plan 1,Room_Type 1,167,2018-08-06,Online,105.3,Canceled,2018
INN00411,2,0,1,3,Meal Plan 1,Room_Type 1,71,2018-05-30,Online,119.85,Not_Canceled,2018
INN00412,2,0,0,2,Meal Plan 1,Room_Type 1,48,2018-11-04,Online,97.2,Not_Canceled,2018
INN00413,1,0,0,1,Not Selected,Room_Type 1,37,2018-05-13,Online,116.1,Not_Canceled,2018
INN00414,3,0,2,2,Meal Plan 1,Room_Type 4,76,2018-05-29,Online,150.45,Canceled,2018
INN00415,1,0,0,1,Meal Plan 1,Room_Type 1,13,2018-01-20,Offline,71,Not_Canceled,2018
INN00416,1,0,1,0,Meal Plan 1,Room_Type 1,3,2018-06-27,Complementary,0,Not_Canceled,2018
INN00417,2,0,1,2,Meal Plan 1,Room_Type 4,75,2017-12-07,Offline,60,Not_Canceled,2017
INN00418,1,0,0,1,Meal Plan 1,Room_Type 1,5,2018-04-05,Corporate,89,Not_Canceled,2018
INN00419,2,0,2,0,Meal Plan 2,Room_Type 1,386,2018-10-23,Online,115,Canceled,2018
INN00420,2,0,1,1,Meal Plan 1,Room_Type 1,180,2018-05-02,Offline,100,Not_Canceled,2018
INN00421,2,0,1,3,Not Selected,Room_Type 1,122,2018-11-14,Online,75.9,Canceled,2018
INN00422,2,0,1,2,Meal Plan 1,Room_Type 1,224,2017-10-02,Offline,65,Not_Canceled,2017
INN00423,2,0,2,2,Meal Plan 1,Room_Type 1,24,2018-05-29,Online,104.55,Not_Canceled,2018
INN00424,1,0,2,2,Meal Plan 1,Room_Type 1,162,2018-10-14,Online,115,Canceled,2018
INN00425,3,0,1,1,Meal Plan 1,Room_Type 4,25,2018-07-02,Online,187,Canceled,2018
INN00426,1,0,0,1,Meal Plan 1,Room_Type 1,1,2018-08-04,Online,115,Not_Canceled,2018
INN00427,2,0,0,4,Not Selected,Room_Type 1,236,2018-09-27,Online,84.43,Canceled,2018
INN00428,2,0,2,3,Meal Plan 1,Room_Type 1,120,2018-04-08,Online,90.95,Canceled,2018
INN00429,2,0,1,3,Meal Plan 2,Room_Type 4,12,2018-03-24,Online,208,Not_Canceled,2018
INN00430,2,0,2,4,Meal Plan 1,Room_Type 1,224,2018-09-03,Online,97.18,Canceled,2018
INN00431,1,0,0,4,Meal Plan 2,Room_Type 1,33,2017-10-21,Offline,79.11,Not_Canceled,2017
INN00432,2,0,0,2,Meal Plan 1,Room_Type 1,24,2018-05-13,Complementary,0,Not_Canceled,2018
INN00433,2,0,0,1,Meal Plan 1,Room_Type 4,22,2017-09-08,Online,120,Not_Canceled,2017
INN00434,2,0,0,3,Meal Plan 1,Room_Type 1,10,2017-10-20,Online,126,Not_Canceled,2017
INN00435,2,0,0,2,Meal Plan 1,Room_Type 1,15,2018-02-16,Online,91,Canceled,2018
INN00436,2,0,0,5,Meal Plan 2,Room_Type 1,230,2018-09-06,Online,137,Canceled,2018
INN00437,2,0,0,4,Meal Plan 1,Room_Type 1,54,2018-03-16,Offline,67.32,Not_Canceled,2018
INN00438,2,0,0,1,Meal Plan 1,Room_Type 1,45,2017-10-23,Online,81.62,Not_Canceled,2017
INN00439,3,0,1,3,Meal Plan 2,Room_Type 4,63,2018-10-24,Online,123.66,Not_Canceled,2018
INN00440,2,0,2,1,Not Selected,Room_Type 1,166,2018-08-06,Online,94.5,Not_Canceled,2018
INN00441,2,0,1,4,Meal Plan 1,Room_Type 1,148,2018-08-22,Online,96.3,Canceled,2018
INN00442,2,0,2,1,Meal Plan 1,Room_Type 1,136,2018-08-13,Online,88.01,Not_Canceled,2018
INN00443,2,0,1,3,Meal Plan 1,Room_Type 1,37,2018-03-10,Online,81.9,Not_Canceled,2018
INN00444,2,0,0,4,Meal Plan 1,Room_Type 1,66,2018-05-11,Online,119.85,Not_Canceled,2018
INN00445,1,0,0,1,Meal Plan 1,Room_Type 1,11,2017-10-23,Offline,83.5,Not_Canceled,2017
INN00446,1,0,0,1,Meal Plan 1,Room_Type 1,1,2018-04-01,Corporate,67,Not_Canceled,2018
INN00447,2,0,2,2,Meal Plan 1,Room_Type 4,7,2018-06-19,Online,156,Not_Canceled,2018
INN00448,2,0,0,1,Meal Plan 1,Room_Type 1,43,2017-10-13,Offline,85,Not_Canceled,2017
INN00449,2,0,3,5,Meal Plan 1,Room_Type 4,5,2018-04-04,Online,126.75,Canceled,2018
INN00450,2,0,1,1,Meal Plan 2,Room_Type 1,247,2018-06-06,Online,115,Canceled,2018
INN00451,2,0,2,1,Not Selected,Room_Type 1,24,2018-10-16,Online,107.1,Canceled,2018
INN00452,1,0,0,1,Meal Plan 1,Room_Type 1,53,2018-10-14,Offline,120,Not_Canceled,2018
INN00453,2,0,2,1,Meal Plan 1,Room_Type 1,52,2018-11-19,Online,93.6,Not_Canceled,2018
INN00454,2,0,0,1,Meal Plan 1,Room_Type 1,56,2018-06-08,Offline,120,Not_Canceled,2018
INN00455,1,0,0,1,Meal Plan 1,Room_Type 1,12,2018-06-08,Offline,90,Not_Canceled,2018
INN00456,2,0,0,5,Meal Plan 1,Room_Type 1,230,2018-09-06,Online,137,Canceled,2018
INN00457,2,1,1,3,Meal Plan 1,Room_Type 1,92,2018-10-31,Online,106.43,Canceled,2018
INN00458,1,0,0,3,Not Selected,Room_Type 1,2,2018-05-31,Online,87.78,Not_Canceled,2018
INN00459,2,0,0,2,Meal Plan 2,Room_Type 1,74,2017-09-18,Offline,101.5,Not_Canceled,2017
INN00460,2,0,0,1,Not Selected,Room_Type 1,82,2018-06-23,Online,85.5,Canceled,2018
INN00461,1,0,0,3,Meal Plan 1,Room_Type 1,37,2018-10-13,Offline,95,Not_Canceled,2018
INN00462,2,0,2,2,Meal Plan 1,Room_Type 4,147,2018-07-01,Online,103.7,Not_Canceled,2018
INN00463,1,0,0,1,Meal Plan 1,Room_Type 1,2,2017-08-26,Corporate,65,Not_Canceled,2017
INN00464,2,0,2,6,Meal Plan 1,Room_Type 1,166,2018-08-18,Online,100.12,Canceled,2018
INN00465,2,0,1,3,Meal Plan 2,Room_Type 1,28,2018-04-11,Online,156.25,Not_Canceled,2018
INN00466,2,0,1,2,Meal Plan 2,Room_Type 1,309,2018-05-13,Online,101,Canceled,2018
INN00467,2,0,1,3,Meal Plan 2,Room_Type 1,54,2018-07-04,Online,161.1,Not_Canceled,2018
INN00468,2,0,1,3,Not Selected,Room_Type 1,49,2018-12-08,Online,83.8,Not_Canceled,2018
INN00469,2,1,0,1,Meal Plan 1,Room_Type 1,1,2018-06-18,Online,168,Not_Canceled,2018
INN00470,2,0,2,1,Meal Plan 1,Room_Type 1,0,2017-12-27,Offline,58,Not_Canceled,2017
INN00471,2,0,2,1,Meal Plan 2,Room_Type 1,4,2017-08-08,Offline,94.5,Not_Canceled,2017
INN00472,2,0,0,4,Meal Plan 1,Room_Type 1,60,2017-12-09,Online,96.3,Not_Canceled,2017
INN00473,2,0,0,1,Meal Plan 1,Room_Type 1,157,2017-08-14,Online,76.5,Not_Canceled,2017
INN00474,2,0,2,3,Meal Plan 1,Room_Type 1,268,2018-04-08,Offline,78,Not_Canceled,2018
INN00475,2,0,1,1,Not Selected,Room_Type 1,38,2018-09-26,Online,112.59,Canceled,2018
INN00476,2,2,2,1,Meal Plan 1,Room_Type 7,30,2018-06-12,Online,187.04,Canceled,2018
INN00477,2,0,0,1,Meal Plan 1,Room_Type 1,2,2018-10-11,Online,169,Not_Canceled,2018
INN00478,2,0,3,7,Not Selected,Room_Type 1,217,2018-12-05,Online,46.63,Not_Canceled,2018
INN00479,2,0,0,3,Meal Plan 1,Room_Type 1,143,2018-08-25,Offline,100,Not_Canceled,2018
INN00480,2,0,0,3,Not Selected,Room_Type 1,179,2018-10-19,Online,85.5,Not_Canceled,2018
INN00481,1,0,0,2,Meal Plan 1,Room_Type 1,188,2018-06-15,Online,130,Canceled,2018
INN00482,3,0,2,2,Meal Plan 1,Room_Type 4,94,2018-07-08,Online,146.7,Not_Canceled,2018
INN00483,1,0,0,2,Meal Plan 1,Room_Type 1,32,2017-11-20,Offline,73,Not_Canceled,2017
INN00484,3,0,2,2,Meal Plan 1,Room_Type 6,2,2018-04-01,Online,143.22,Not_Canceled,2018
INN00485,2,0,0,3,Meal Plan 1,Room_Type 1,70,2017-10-22,Online,89.25,Not_Canceled,2017
INN00486,2,0,1,0,Not Selected,Room_Type 1,4,2018-09-19,Offline,85,Not_Canceled,2018
INN00487,2,0,2,0,Meal Plan 1,Room_Type 1,34,2018-02-28,Complementary,6.5,Not_Canceled,2018
INN00488,2,2,0,1,Meal Plan 1,Room_Type 2,16,2018-03-08,Online,83.03,Canceled,2018
INN00489,2,0,1,3,Meal Plan 1,Room_Type 1,24,2018-02-11,Online,91,Canceled,2018
INN00490,2,0,2,2,Not Selected,Room_Type 1,78,2018-04-10,Online,80.75,Not_Canceled,2018
INN00491,2,0,1,2,Meal Plan 1,Room_Type 1,305,2018-11-04,Online,89,Canceled,2018
INN00492,2,0,0,3,Meal Plan 1,Room_Type 1,37,2018-10-13,Offline,105,Not_Canceled,2018
INN00493,2,0,2,5,Meal Plan 1,Room_Type 1,98,2018-04-30,Online,109.81,Not_Canceled,2018
INN00494,2,0,1,3,Meal Plan 1,Room_Type 4,14,2018-12-05,Online,70.88,Not_Canceled,2018
INN00495,1,0,0,2,Not Selected,Room_Type 1,44,2018-11-23,Online,83.6,Not_Canceled,2018
INN00496,1,0,2,1,Meal Plan 1,Room_Type 1,1,2018-02-28,Online,60,Canceled,2018
INN00497,2,0,0,3,Meal Plan 1,Room_Type 1,213,2018-06-07,Online,130,Canceled,2018
INN00498,1,0,1,1,Meal Plan 1,Room_Type 1,5,2018-04-04,Online,95,Not_Canceled,2018
INN00499,2,0,0,1,Meal Plan 2,Room_Type 1,55,2018-04-06,Offline,104,Not_Canceled,2018
INN00500,2,0,0,3,Meal Plan 1,Room_Type 4,139,2018-02-11,Offline,62,Not_Canceled,2018
INN00501,2,0,2,1,Meal Plan 1,Room_Type 2,44,2018-04-23,Offline,95,Not_Canceled,2018
INN00502,1,0,2,1,Meal Plan 2,Room_Type 4,18,2018-02-28,Online,145,Not_Canceled,2018
INN00503,1,0,1,0,Meal Plan 1,Room_Type 1,0,2018-10-17,Corporate,95,Not_Canceled,2018
INN00504,1,0,0,2,Meal Plan 1,Room_Type 1,192,2018-06-24,Offline,95,Not_Canceled,2018
INN00505,2,0,2,4,Meal Plan 1,Room_Type 1,152,2018-06-18,Offline,80.75,Not_Canceled,2018
INN00506,3,0,0,4,Meal Plan 1,Room_Type 4,42,2018-08-30,Online,142.2,Not_Canceled,2018
INN00507,3,0,2,3,Meal Plan 1,Room_Type 4,209,2018-10-21,Online,128.7,Canceled,2018
INN00508,2,0,2,3,Meal Plan 1,Room_Type 1,69,2018-03-20,Online,90.95,Not_Canceled,2018
INN00509,2,0,1,2,Meal Plan 1,Room_Type 1,80,2018-11-18,Online,93.6,Not_Canceled,2018
INN00510,2,0,1,2,Meal Plan 1,Room_Type 4,49,2017-11-09,Offline,60,Not_Canceled,2017
INN00511,1,0,0,3,Meal Plan 1,Room_Type 1,143,2018-08-25,Offline,90,Not_Canceled,2018
INN00512,2,0,2,1,Not Selected,Room_Type 1,67,2017-12-05,Online,95.4,Not_Canceled,2017
INN00513,2,0,0,2,Meal Plan 1,Room_Type 1,41,2018-10-21,Online,160,Canceled,2018
INN00514,2,0,2,1,Meal Plan 1,Room_Type 4,154,2018-10-30,Online,104.1,Canceled,2018
INN00515,2,0,0,1,Meal Plan 2,Room_Type 1,55,2018-04-06,Offline,104,Not_Canceled,2018
INN00516,2,0,0,4,Meal Plan 1,Room_Type 1,2,2018-08-03,Offline,109,Not_Canceled,2018
INN00517,2,0,2,4,Meal Plan 1,Room_Type 4,99,2018-04-10,Online,93.78,Canceled,2018
INN00518,1,0,0,2,Meal Plan 1,Room_Type 1,14,2017-10-14,Corporate,95,Not_Canceled,2017
INN00519,1,0,0,1,Not Selected,Room_Type 1,0,2018-10-15,Online,140,Not_Canceled,2018
INN00520,2,0,1,3,Meal Plan 1,Room_Type 1,22,2017-12-24,Online,87,Not_Canceled,2017
INN00521,1,0,2,1,Meal Plan 1,Room_Type 4,7,2018-03-05,Online,85.85,Not_Canceled,2018
INN00522,2,0,1,3,Meal Plan 1,Room_Type 4,84,2018-03-24,Online,99.45,Not_Canceled,2018
INN00523,2,0,0,4,Meal Plan 1,Room_Type 4,109,2018-05-04,Online,120.28,Not_Canceled,2018
INN00524,1,0,0,3,Meal Plan 1,Room_Type 1,71,2018-06-14,Offline,120,Not_Canceled,2018
INN00525,2,0,2,0,Meal Plan 1,Room_Type 1,4,2018-04-03,Online,77.77,Not_Canceled,2018
INN00526,1,0,0,3,Meal Plan 1,Room_Type 1,71,2018-06-14,Offline,120,Not_Canceled,2018
INN00527,2,0,0,1,Not Selected,Room_Type 1,58,2018-06-10,Online,116.1,Not_Canceled,2018
INN00528,3,0,0,1,Meal Plan 2,Room_Type 4,133,2018-07-23,Online,189,Canceled,2018
INN00529,2,0,2,1,Meal Plan 1,Room_Type 4,27,2018-06-26,Online,152.67,Canceled,2018
INN00530,2,0,2,3,Meal Plan 1,Room_Type 1,27,2018-02-04,Online,66.31,Not_Canceled,2018
INN00531,1,0,0,1,Meal Plan 1,Room_Type 1,9,2017-09-10,Online,95,Not_Canceled,2017
INN00532,2,1,0,3,Meal Plan 1,Room_Type 1,86,2018-12-08,Online,122,Canceled,2018
INN00533,2,0,0,3,Meal Plan 1,Room_Type 1,13,2017-12-17,Offline,58,Not_Canceled,2017
INN00534,2,0,1,3,Meal Plan 1,Room_Type 1,0,2018-12-05,Online,89.89,Not_Canceled,2018
INN00535,2,0,0,2,Meal Plan 1,Room_Type 4,5,2018-06-21,Online,156,Not_Canceled,2018
INN00536,2,0,1,3,Meal Plan 1,Room_Type 4,82,2018-03-24,Online,99.45,Not_Canceled,2018
INN00537,2,1,0,2,Meal Plan 1,Room_Type 6,330,2018-08-31,Online,172.8,Canceled,2018
INN00538,2,0,1,3,Not Selected,Room_Type 1,3,2018-08-22,Online,98.56,Not_Canceled,2018
INN00539,1,0,0,1,Meal Plan 1,Room_Type 1,35,2018-03-10,Online,71.1,Canceled,2018
INN00540,1,0,6,15,Meal Plan 1,Room_Type 4,12,2018-03-30,Online,128.06,Canceled,2018
INN00541,1,0,0,1,Meal Plan 1,Room_Type 1,0,2018-11-19,Complementary,0,Not_Canceled,2018
INN00542,2,1,0,1,Meal Plan 1,Room_Type 1,7,2018-04-07,Online,106,Not_Canceled,2018
INN00543,2,0,0,4,Meal Plan 1,Room_Type 4,47,2018-09-27,Online,130.61,Canceled,2018
INN00544,2,0,2,3,Not Selected,Room_Type 1,117,2018-06-17,Online,105.74,Not_Canceled,2018
INN00545,2,0,0,2,Meal Plan 1,Room_Type 4,2,2018-06-10,Online,136,Not_Canceled,2018
INN00546,2,0,0,1,Meal Plan 1,Room_Type 1,26,2018-06-08,Offline,120,Not_Canceled,2018
INN00547,2,0,2,2,Not Selected,Room_Type 1,75,2018-12-02,Online,74.8,Not_Canceled,2018
INN00548,2,0,0,2,Meal Plan 2,Room_Type 1,256,2018-06-15,Online,112,Canceled,2018
INN00549,2,1,1,0,Meal Plan 1,Room_Type 1,137,2018-08-21,Online,121.5,Not_Canceled,2018
INN00550,2,0,0,4,Meal Plan 1,Room_Type 1,92,2017-10-07,Offline,70,Not_Canceled,2017
INN00551,1,0,0,1,Meal Plan 1,Room_Type 1,1,2018-11-29,Offline,75,Not_Canceled,2018
INN00552,2,0,0,1,Meal Plan 1,Room_Type 1,18,2018-01-02,Offline,54,Not_Canceled,2018
INN00553,2,0,1,2,Meal Plan 1,Room_Type 1,78,2018-03-25,Online,100,Canceled,2018
INN00554,1,0,0,1,Meal Plan 1,Room_Type 4,8,2018-04-23,Complementary,0,Not_Canceled,2018
INN00555,1,2,4,9,Meal Plan 1,Room_Type 6,30,2018-11-02,Online,186.22,Canceled,2018
INN00556,2,0,2,0,Not Selected,Room_Type 1,117,2018-11-13,Online,79.2,Not_Canceled,2018
INN00557,2,0,1,1,Meal Plan 1,Room_Type 1,10,2018-03-19,Online,103,Not_Canceled,2018
INN00558,2,0,2,2,Meal Plan 1,Room_Type 1,56,2017-09-25,Offline,185,Not_Canceled,2017
INN00559,2,0,0,2,Meal Plan 1,Room_Type 1,8,2017-10-20,Online,135,Not_Canceled,2017
INN00560,2,0,2,0,Meal Plan 2,Room_Type 1,386,2018-10-23,Online,115,Canceled,2018
INN00561,2,0,0,2,Meal Plan 2,Room_Type 1,273,2017-07-17,Online,109,Canceled,2017
INN00562,2,0,0,1,Meal Plan 1,Room_Type 1,33,2018-11-26,Online,104,Canceled,2018
INN00563,3,0,2,5,Meal Plan 1,Room_Type 4,184,2018-08-03,Online,130.05,Not_Canceled,2018
INN00564,2,0,1,3,Meal Plan 1,Room_Type 1,232,2018-09-05,Online,100.3,Canceled,2018
INN00565,1,0,0,2,Meal Plan 1,Room_Type 1,188,2018-06-15,Online,130,Canceled,2018
INN00566,2,0,0,2,Meal Plan 2,Room_Type 1,102,2017-10-16,Offline,109,Not_Canceled,2017
INN00567,2,0,2,2,Meal Plan 1,Room_Type 4,45,2018-10-07,Online,139.5,Canceled,2018
INN00568,1,0,0,1,Meal Plan 1,Room_Type 1,1,2018-02-03,Corporate,66,Not_Canceled,2018
INN00569,2,0,2,2,Meal Plan 1,Room_Type 1,63,2018-09-03,Online,106.88,Not_Canceled,2018
INN00570,2,0,2,2,Meal Plan 1,Room_Type 4,89,2018-09-16,Online,149.4,Not_Canceled,2018
INN00571,1,0,0,2,Meal Plan 1,Room_Type 1,63,2018-04-26,Online,109.35,Not_Canceled,2018
INN00572,2,0,0,3,Meal Plan 1,Room_Type 1,304,2018-11-03,Online,89,Canceled,2018
INN00573,1,0,2,1,Meal Plan 1,Room_Type 1,1,2018-04-09,Online,115,Not_Canceled,2018
INN00574,1,0,0,1,Meal Plan 1,Room_Type 1,51,2018-03-16,Corporate,85.5,Not_Canceled,2018
INN00575,2,0,0,2,Meal Plan 1,Room_Type 4,110,2018-04-20,Online,90.95,Not_Canceled,2018
INN00576,2,0,2,1,Meal Plan 1,Room_Type 4,20,2018-07-30,Online,117.55,Not_Canceled,2018
INN00577,2,0,0,1,Not Selected,Room_Type 1,50,2018-10-19,Online,108,Canceled,2018
INN00578,2,0,0,3,Meal Plan 1,Room_Type 4,48,2018-10-11,Online,139.5,Not_Canceled,2018
INN00579,2,0,0,3,Meal Plan 1,Room_Type 5,96,2018-09-13,Online,129.88,Canceled,2018
INN00580,2,0,1,4,Meal Plan 1,Room_Type 1,148,2017-12-30,Offline,67,Not_Canceled,2017
INN00581,2,0,1,1,Not Selected,Room_Type 1,25,2018-10-03,Online,129,Canceled,2018
INN00582,2,0,2,5,Meal Plan 1,Room_Type 1,148,2018-06-25,Online,79.53,Canceled,2018
INN00583,2,0,1,3,Meal Plan 1,Room_Type 1,114,2018-08-22,Offline,72.25,Not_Canceled,2018
INN00584,1,0,0,2,Meal Plan 2,Room_Type 1,257,2017-07-01,Offline,80,Not_Canceled,2017
INN00585,2,0,2,5,Meal Plan 1,Room_Type 1,105,2018-06-11,Online,119.85,Not_Canceled,2018
INN00586,1,0,1,2,Meal Plan 1,Room_Type 1,4,2017-11-02,Online,117,Not_Canceled,2017
INN00587,2,0,2,2,Meal Plan 2,Room_Type 4,67,2017-09-06,Complementary,29,Not_Canceled,2017
INN00588,2,0,2,2,Meal Plan 1,Room_Type 1,61,2018-09-02,Online,118.8,Not_Canceled,2018
INN00589,2,0,0,2,Meal Plan 1,Room_Type 1,79,2018-12-30,Offline,192.03,Not_Canceled,2018
INN00590,3,0,0,1,Meal Plan 1,Room_Type 1,74,2018-05-21,Online,168.3,Not_Canceled,2018
INN00591,2,0,0,1,Not Selected,Room_Type 1,120,2018-05-12,Online,72.76,Not_Canceled,2018
INN00592,2,0,0,3,Meal Plan 1,Room_Type 1,157,2018-12-08,Offline,68,Not_Canceled,2018
INN00593,2,0,0,4,Meal Plan 1,Room_Type 1,4,2018-01-06,Online,89,Not_Canceled,2018
INN00594,2,0,2,5,Meal Plan 1,Room_Type 4,46,2018-08-28,Online,124.46,Not_Canceled,2018
INN00595,1,0,2,1,Meal Plan 1,Room_Type 1,41,2018-03-13,Corporate,70.33,Not_Canceled,2018
INN00596,3,0,1,4,Meal Plan 1,Room_Type 4,84,2018-06-15,Online,170.1,Not_Canceled,2018
INN00597,2,0,0,2,Meal Plan 1,Room_Type 1,245,2018-06-17,Online,75,Canceled,2018
INN00598,2,0,0,3,Meal Plan 1,Room_Type 4,27,2018-06-29,Online,125.25,Not_Canceled,2018
INN00599,2,0,3,7,Meal Plan 1,Room_Type 1,74,2017-07-27,Online,55.9,Not_Canceled,2017
INN00600,2,0,1,2,Meal Plan 1,Room_Type 1,85,2018-06-20,Online,126.9,Canceled,2018
INN00601,2,0,0,2,Not Selected,Room_Type 1,6,2018-02-26,Online,79,Canceled,2018
INN00602,2,0,2,3,Meal Plan 1,Room_Type 1,256,2018-10-23,Online,94.35,Canceled,2018
INN00603,2,0,0,2,Meal Plan 2,Room_Type 1,265,2018-06-24,Online,109,Canceled,2018
INN00604,2,0,2,3,Meal Plan 1,Room_Type 4,64,2018-04-15,Online,112.2,Not_Canceled,2018
INN00605,1,0,0,1,Meal Plan 1,Room_Type 1,0,2017-10-01,Corporate,109,Not_Canceled,2017
INN00606,1,0,0,2,Meal Plan 1,Room_Type 1,91,2018-09-14,Corporate,65,Not_Canceled,2018
INN00607,2,0,1,3,Meal Plan 1,Room_Type 1,127,2018-04-28,Offline,90,Not_Canceled,2018
INN00608,2,0,0,3,Meal Plan 1,Room_Type 1,73,2018-07-14,Offline,85,Not_Canceled,2018
INN00609,2,0,0,4,Meal Plan 1,Room_Type 1,36,2018-12-28,Online,168.73,Not_Canceled,2018
INN00610,2,0,1,3,Meal Plan 1,Room_Type 1,17,2018-12-08,Online,100.38,Not_Canceled,2018
INN00611,2,0,2,5,Meal Plan 1,Room_Type 1,164,2018-07-27,Online,99.45,Canceled,2018
INN00612,2,0,0,1,Meal Plan 1,Room_Type 1,0,2018-09-27,Corporate,160,Not_Canceled,2018
INN00613,2,0,2,1,Meal Plan 1,Room_Type 1,37,2018-10-02,Online,126,Not_Canceled,2018
INN00614,3,0,1,2,Meal Plan 1,Room_Type 1,191,2018-08-01,Offline,96.9,Not_Canceled,2018
INN00615,2,2,2,4,Meal Plan 1,Room_Type 2,33,2017-10-17,Online,95,Not_Canceled,2017
INN00616,2,0,2,1,Meal Plan 1,Room_Type 1,32,2017-09-05,Online,94.5,Not_Canceled,2017
INN00617,1,0,1,1,Meal Plan 1,Room_Type 1,3,2017-09-07,Offline,98.8,Not_Canceled,2017
INN00618,2,0,2,1,Not Selected,Room_Type 1,53,2018-07-10,Online,100.5,Not_Canceled,2018
INN00619,2,0,1,0,Meal Plan 2,Room_Type 7,8,2018-06-19,Complementary,0,Not_Canceled,2018
INN00620,2,0,2,1,Meal Plan 1,Room_Type 1,107,2018-05-29,Online,80.75,Canceled,2018
INN00621,2,0,0,1,Meal Plan 2,Room_Type 1,55,2018-04-06,Offline,104,Not_Canceled,2018
INN00622,2,0,1,2,Meal Plan 1,Room_Type 1,84,2018-04-29,Offline,89.75,Not_Canceled,2018
INN00623,2,2,0,2,Meal Plan 1,Room_Type 6,0,2017-08-25,Online,156,Not_Canceled,2017
INN00624,2,0,1,1,Meal Plan 1,Room_Type 4,1,2018-06-11,Online,136,Not_Canceled,2018
INN00625,2,0,0,2,Meal Plan 1,Room_Type 1,29,2018-12-02,Corporate,85,Not_Canceled,2018
INN00626,2,0,0,4,Meal Plan 1,Room_Type 4,41,2017-10-14,Online,87.54,Not_Canceled,2017
INN00627,2,0,0,2,Meal Plan 1,Room_Type 1,86,2017-09-09,Corporate,100,Not_Canceled,2017
INN00628,2,0,2,2,Meal Plan 1,Room_Type 1,167,2018-10-01,Online,108.9,Canceled,2018
INN00629,2,0,0,3,Not Selected,Room_Type 1,34,2018-06-14,Online,107.1,Not_Canceled,2018
INN00630,2,0,1,2,Meal Plan 1,Room_Type 1,101,2018-04-04,Online,80,Canceled,2018
INN00631,2,0,0,3,Meal Plan 1,Room_Type 1,259,2018-05-05,Online,90,Canceled,2018
INN00632,2,0,0,2,Meal Plan 1,Room_Type 1,122,2018-05-12,Online,105.3,Not_Canceled,2018
INN00633,2,0,0,1,Not Selected,Room_Type 1,1,2018-02-11,Online,80,Not_Canceled,2018
INN00634,2,0,0,2,Meal Plan 1,Room_Type 4,107,2018-08-25,Online,142.2,Not_Canceled,2018
INN00635,2,0,0,3,Meal Plan 1,Room_Type 4,35,2018-04-05,Online,131.4,Not_Canceled,2018
INN00636,1,0,0,2,Meal Plan 1,Room_Type 1,192,2018-06-24,Offline,95,Not_Canceled,2018
INN00637,2,0,0,2,Meal Plan 1,Room_Type 1,4,2018-04-01,Online,111,Canceled,2018
INN00638,2,0,1,3,Meal Plan 1,Room_Type 1,85,2018-10-06,Offline,85,Not_Canceled,2018
INN00639,3,0,0,4,Meal Plan 1,Room_Type 4,137,2018-08-24,Online,130.95,Canceled,2018
INN00640,2,0,0,2,Meal Plan 2,Room_Type 1,74,2017-09-18,Offline,101.5,Not_Canceled,2017
INN00641,1,0,2,1,Meal Plan 1,Room_Type 1,116,2018-02-28,Offline,82,Not_Canceled,2018
INN00642,2,0,2,2,Meal Plan 1,Room_Type 1,34,2017-09-13,Online,94.5,Not_Canceled,2017
INN00643,2,0,2,1,Meal Plan 1,Room_Type 1,56,2018-08-28,Online,109.8,Canceled,2018
INN00644,2,0,2,4,Meal Plan 1,Room_Type 1,149,2018-07-10,Online,72.25,Canceled,2018
INN00645,2,0,2,2,Not Selected,Room_Type 1,12,2018-02-06,Online,55.72,Not_Canceled,2018
INN00646,3,0,1,1,Meal Plan 1,Room_Type 4,52,2018-10-17,Online,158.4,Canceled,2018
INN00647,2,0,1,4,Meal Plan 1,Room_Type 4,191,2018-03-30,Offline,69,Not_Canceled,2018
INN00648,2,0,0,3,Meal Plan 1,Room_Type 1,37,2018-10-13,Offline,105,Not_Canceled,2018
INN00649,2,0,0,3,Meal Plan 1,Room_Type 4,57,2018-12-29,Online,219.6,Canceled,2018
INN00650,1,0,2,3,Meal Plan 1,Room_Type 1,9,2018-01-08,Offline,44.8,Not_Canceled,2018
INN00651,2,0,0,1,Not Selected,Room_Type 1,7,2018-10-26,Online,120,Not_Canceled,2018
INN00652,2,0,1,2,Meal Plan 1,Room_Type 1,78,2018-03-25,Online,100,Canceled,2018
INN00653,2,0,0,1,Not Selected,Room_Type 1,0,2018-06-07,Online,109,Not_Canceled,2018
INN00654,0,2,1,2,Meal Plan 1,Room_Type 2,78,2018-08-19,Online,115.68,Not_Canceled,2018
INN00655,2,0,1,2,Meal Plan 1,Room_Type 1,31,2018-09-16,Offline,75,Not_Canceled,2018
INN00656,2,0,0,2,Meal Plan 2,Room_Type 5,37,2018-06-17,Offline,134.1,Not_Canceled,2018
INN00657,2,0,2,1,Meal Plan 1,Room_Type 4,8,2018-05-29,Online,124.1,Not_Canceled,2018
INN00658,4,0,0,2,Meal Plan 1,Room_Type 7,32,2018-08-17,Online,214.75,Not_Canceled,2018
INN00659,2,0,1,2,Meal Plan 1,Room_Type 1,48,2018-10-31,Offline,75,Not_Canceled,2018
INN00660,2,0,1,2,Meal Plan 1,Room_Type 1,89,2017-11-23,Online,72.25,Not_Canceled,2017
INN00661,1,0,1,0,Meal Plan 1,Room_Type 1,0,2018-03-07,Corporate,80,Not_Canceled,2018
INN00662,2,0,0,1,Meal Plan 1,Room_Type 1,15,2018-09-20,Online,139,Not_Canceled,2018
INN00663,1,0,0,1,Meal Plan 1,Room_Type 1,10,2018-01-28,Corporate,66,Not_Canceled,2018
INN00664,1,0,0,3,Meal Plan 1,Room_Type 1,43,2018-05-31,Online,115.5,Not_Canceled,2018
INN00665,2,1,1,1,Meal Plan 1,Room_Type 1,27,2018-08-08,Online,195.5,Not_Canceled,2018
INN00666,2,0,2,0,Meal Plan 2,Room_Type 1,386,2018-10-23,Online,115,Canceled,2018
INN00667,1,0,0,1,Meal Plan 2,Room_Type 1,72,2017-09-18,Offline,84,Not_Canceled,2017
INN00668,2,0,2,1,Not Selected,Room_Type 1,10,2018-10-16,Online,107.8,Not_Canceled,2018
INN00669,2,0,0,3,Meal Plan 1,Room_Type 1,37,2018-10-13,Offline,105,Not_Canceled,2018
INN00670,2,0,2,3,Meal Plan 1,Room_Type 1,170,2018-04-08,Offline,78,Not_Canceled,2018
INN00671,1,0,0,2,Meal Plan 2,Room_Type 1,265,2018-06-24,Offline,90,Not_Canceled,2018
INN00672,2,0,1,1,Not Selected,Room_Type 1,49,2018-07-09,Online,105.3,Canceled,2018
INN00673,2,0,0,3,Meal Plan 1,Room_Type 1,51,2018-02-25,Online,80.3,Not_Canceled,2018
INN00674,1,0,1,0,Meal Plan 2,Room_Type 1,3,2018-02-08,Online,129,Not_Canceled,2018
INN00675,2,0,0,2,Meal Plan 2,Room_Type 1,265,2018-06-24,Online,115,Canceled,2018
INN00676,2,0,2,0,Not Selected,Room_Type 1,34,2018-09-11,Online,125.1,Not_Canceled,2018
INN00677,2,0,0,1,Meal Plan 1,Room_Type 1,1,2018-02-27,Online,103,Not_Canceled,2018
INN00678,2,0,2,0,Not Selected,Room_Type 1,77,2018-05-01,Online,125.1,Not_Canceled,2018
INN00679,1,0,2,5,Not Selected,Room_Type 1,60,2018-06-17,Online,96.17,Canceled,2018
INN00680,2,0,2,2,Meal Plan 1,Room_Type 1,56,2017-09-25,Offline,185,Not_Canceled,2017
INN00681,2,0,2,0,Not Selected,Room_Type 1,0,2018-06-12,Online,69.74,Not_Canceled,2018
INN00682,2,2,2,3,Meal Plan 1,Room_Type 6,136,2018-07-09,Online,172.55,Canceled,2018
INN00683,1,0,0,3,Meal Plan 1,Room_Type 1,4,2018-01-28,Online,95,Not_Canceled,2018
INN00684,2,1,1,2,Meal Plan 2,Room_Type 1,68,2018-09-09,Online,166.35,Not_Canceled,2018
INN00685,2,0,0,1,Not Selected,Room_Type 1,1,2018-11-18,Online,108,Not_Canceled,2018
INN00686,2,0,1,3,Meal Plan 1,Room_Type 4,61,2018-03-21,Online,102,Not_Canceled,2018
INN00687,2,0,1,2,Meal Plan 1,Room_Type 7,40,2018-05-13,Online,203.73,Not_Canceled,2018
INN00688,2,0,2,5,Not Selected,Room_Type 1,6,2018-11-17,Online,78.69,Canceled,2018
INN00689,2,0,0,3,Not Selected,Room_Type 1,58,2018-11-03,Online,79.2,Canceled,2018
INN00690,1,0,0,2,Meal Plan 1,Room_Type 1,35,2018-03-16,Online,76.5,Not_Canceled,2018
INN00691,2,0,0,2,Meal Plan 1,Room_Type 1,177,2018-06-03,Online,100,Canceled,2018
INN00692,2,0,0,4,Meal Plan 1,Room_Type 1,13,2018-12-14,Online,88.4,Not_Canceled,2018
INN00693,1,0,2,4,Meal Plan 1,Room_Type 1,245,2018-07-06,Online,110,Canceled,2018
INN00694,2,0,1,2,Meal Plan 1,Room_Type 4,189,2018-10-28,Online,109.8,Canceled,2018
INN00695,2,0,2,1,Meal Plan 1,Room_Type 1,271,2018-12-03,Offline,78.3,Not_Canceled,2018
INN00696,2,0,0,2,Meal Plan 2,Room_Type 1,257,2017-07-01,Online,101.5,Canceled,2017
INN00697,2,0,2,4,Not Selected,Room_Type 1,207,2018-07-28,Online,80.75,Not_Canceled,2018
INN00698,2,0,2,2,Meal Plan 1,Room_Type 1,108,2018-12-25,Online,104,Not_Canceled,2018
INN00699,2,0,0,3,Not Selected,Room_Type 1,39,2018-03-15,Online,51.19,Not_Canceled,2018
INN00700,2,1,0,1,Meal Plan 1,Room_Type 1,11,2018-11-05,Online,150,Canceled,2018
